pressure_MPa,wavelength_nm,dense_factor,Nret,zero_count_probability,mode_fraction_chi,N_mode_max,scope_note
1,532,0.1,0.004333333333333334,0.9956760420085063,1.0,0.004333333333333334,"N_mode_max = chi*Nret is an upper occupancy anchor for a collected coherent signal mode; high-NS maps are target-channel topology, not predicted pipeline points."
1,532,0.1,0.004333333333333334,0.9956760420085063,0.3,0.0013000000000000002,"N_mode_max = chi*Nret is an upper occupancy anchor for a collected coherent signal mode; high-NS maps are target-channel topology, not predicted pipeline points."
1,532,0.1,0.004333333333333334,0.9956760420085063,0.1,0.0004333333333333334,"N_mode_max = chi*Nret is an upper occupancy anchor for a collected coherent signal mode; high-NS maps are target-channel topology, not predicted pipeline points."
1,532,0.3,0.013,0.9870841350202876,1.0,0.013,"N_mode_max = chi*Nret is an upper occupancy anchor for a collected coherent signal mode; high-NS maps are target-channel topology, not predicted pipeline points."
1,532,0.3,0.013,0.9870841350202876,0.3,0.0039,"N_mode_max = chi*Nret is an upper occupancy anchor for a collected coherent signal mode; high-NS maps are target-channel topology, not predicted pipeline points."
1,532,0.3,0.013,0.9870841350202876,0.1,0.0013,"N_mode_max = chi*Nret is an upper occupancy anchor for a collected coherent signal mode; high-NS maps are target-channel topology, not predicted pipeline points."
1,532,1.0,0.043333333333333335,0.9575921394817286,1.0,0.043333333333333335,"N_mode_max = chi*Nret is an upper occupancy anchor for a collected coherent signal mode; high-NS maps are target-channel topology, not predicted pipeline points."
1,532,1.0,0.043333333333333335,0.9575921394817286,0.3,0.013,"N_mode_max = chi*Nret is an upper occupancy anchor for a collected coherent signal mode; high-NS maps are target-channel topology, not predicted pipeline points."
1,532,1.0,0.043333333333333335,0.9575921394817286,0.1,0.004333333333333334,"N_mode_max = chi*Nret is an upper occupancy anchor for a collected coherent signal mode; high-NS maps are target-channel topology, not predicted pipeline points."
1,532,3.0,0.13,0.8780954309205613,1.0,0.13,"N_mode_max = chi*Nret is an upper occupancy anchor for a collected coherent signal mode; high-NS maps are target-channel topology, not predicted pipeline points."
1,532,3.0,0.13,0.8780954309205613,0.3,0.039,"N_mode_max = chi*Nret is an upper occupancy anchor for a collected coherent signal mode; high-NS maps are target-channel topology, not predicted pipeline points."
1,532,3.0,0.13,0.8780954309205613,0.1,0.013000000000000001,"N_mode_max = chi*Nret is an upper occupancy anchor for a collected coherent signal mode; high-NS maps are target-channel topology, not predicted pipeline points."
1,532,10.0,0.43333333333333335,0.6483443410015097,1.0,0.43333333333333335,"N_mode_max = chi*Nret is an upper occupancy anchor for a collected coherent signal mode; high-NS maps are target-channel topology, not predicted pipeline points."
1,532,10.0,0.43333333333333335,0.6483443410015097,0.3,0.13,"N_mode_max = chi*Nret is an upper occupancy anchor for a collected coherent signal mode; high-NS maps are target-channel topology, not predicted pipeline points."
1,532,10.0,0.43333333333333335,0.6483443410015097,0.1,0.043333333333333335,"N_mode_max = chi*Nret is an upper occupancy anchor for a collected coherent signal mode; high-NS maps are target-channel topology, not predicted pipeline points."
1,633,0.1,0.0025733333333333337,0.9974299748505938,1.0,0.0025733333333333337,"N_mode_max = chi*Nret is an upper occupancy anchor for a collected coherent signal mode; high-NS maps are target-channel topology, not predicted pipeline points."
1,633,0.1,0.0025733333333333337,0.9974299748505938,0.3,0.0007720000000000001,"N_mode_max = chi*Nret is an upper occupancy anchor for a collected coherent signal mode; high-NS maps are target-channel topology, not predicted pipeline points."
1,633,0.1,0.0025733333333333337,0.9974299748505938,0.1,0.00025733333333333337,"N_mode_max = chi*Nret is an upper occupancy anchor for a collected coherent signal mode; high-NS maps are target-channel topology, not predicted pipeline points."
1,633,0.3,0.007719999999999999,0.9923097226644958,1.0,0.007719999999999999,"N_mode_max = chi*Nret is an upper occupancy anchor for a collected coherent signal mode; high-NS maps are target-channel topology, not predicted pipeline points."
1,633,0.3,0.007719999999999999,0.9923097226644958,0.3,0.002316,"N_mode_max = chi*Nret is an upper occupancy anchor for a collected coherent signal mode; high-NS maps are target-channel topology, not predicted pipeline points."
1,633,0.3,0.007719999999999999,0.9923097226644958,0.1,0.000772,"N_mode_max = chi*Nret is an upper occupancy anchor for a collected coherent signal mode; high-NS maps are target-channel topology, not predicted pipeline points."
1,633,1.0,0.025733333333333334,0.9745949469454167,1.0,0.025733333333333334,"N_mode_max = chi*Nret is an upper occupancy anchor for a collected coherent signal mode; high-NS maps are target-channel topology, not predicted pipeline points."
1,633,1.0,0.025733333333333334,0.9745949469454167,0.3,0.007719999999999999,"N_mode_max = chi*Nret is an upper occupancy anchor for a collected coherent signal mode; high-NS maps are target-channel topology, not predicted pipeline points."
1,633,1.0,0.025733333333333334,0.9745949469454167,0.1,0.0025733333333333337,"N_mode_max = chi*Nret is an upper occupancy anchor for a collected coherent signal mode; high-NS maps are target-channel topology, not predicted pipeline points."
1,633,3.0,0.0772,0.9257046941523367,1.0,0.0772,"N_mode_max = chi*Nret is an upper occupancy anchor for a collected coherent signal mode; high-NS maps are target-channel topology, not predicted pipeline points."
1,633,3.0,0.0772,0.9257046941523367,0.3,0.02316,"N_mode_max = chi*Nret is an upper occupancy anchor for a collected coherent signal mode; high-NS maps are target-channel topology, not predicted pipeline points."
1,633,3.0,0.0772,0.9257046941523367,0.1,0.007720000000000001,"N_mode_max = chi*Nret is an upper occupancy anchor for a collected coherent signal mode; high-NS maps are target-channel topology, not predicted pipeline points."
1,633,10.0,0.25733333333333336,0.7731104673209879,1.0,0.25733333333333336,"N_mode_max = chi*Nret is an upper occupancy anchor for a collected coherent signal mode; high-NS maps are target-channel topology, not predicted pipeline points."
1,633,10.0,0.25733333333333336,0.7731104673209879,0.3,0.0772,"N_mode_max = chi*Nret is an upper occupancy anchor for a collected coherent signal mode; high-NS maps are target-channel topology, not predicted pipeline points."
1,633,10.0,0.25733333333333336,0.7731104673209879,0.1,0.025733333333333337,"N_mode_max = chi*Nret is an upper occupancy anchor for a collected coherent signal mode; high-NS maps are target-channel topology, not predicted pipeline points."
1,1064,0.1,0.0005433333333333334,0.9994568142454928,1.0,0.0005433333333333334,"N_mode_max = chi*Nret is an upper occupancy anchor for a collected coherent signal mode; high-NS maps are target-channel topology, not predicted pipeline points."
1,1064,0.1,0.0005433333333333334,0.9994568142454928,0.3,0.000163,"N_mode_max = chi*Nret is an upper occupancy anchor for a collected coherent signal mode; high-NS maps are target-channel topology, not predicted pipeline points."
1,1064,0.1,0.0005433333333333334,0.9994568142454928,0.1,5.4333333333333344e-05,"N_mode_max = chi*Nret is an upper occupancy anchor for a collected coherent signal mode; high-NS maps are target-channel topology, not predicted pipeline points."
1,1064,0.3,0.00163,0.9983713277285029,1.0,0.00163,"N_mode_max = chi*Nret is an upper occupancy anchor for a collected coherent signal mode; high-NS maps are target-channel topology, not predicted pipeline points."
1,1064,0.3,0.00163,0.9983713277285029,0.3,0.000489,"N_mode_max = chi*Nret is an upper occupancy anchor for a collected coherent signal mode; high-NS maps are target-channel topology, not predicted pipeline points."
1,1064,0.3,0.00163,0.9983713277285029,0.1,0.000163,"N_mode_max = chi*Nret is an upper occupancy anchor for a collected coherent signal mode; high-NS maps are target-channel topology, not predicted pipeline points."
1,1064,1.0,0.005433333333333333,0.9945814005254889,1.0,0.005433333333333333,"N_mode_max = chi*Nret is an upper occupancy anchor for a collected coherent signal mode; high-NS maps are target-channel topology, not predicted pipeline points."
1,1064,1.0,0.005433333333333333,0.9945814005254889,0.3,0.00163,"N_mode_max = chi*Nret is an upper occupancy anchor for a collected coherent signal mode; high-NS maps are target-channel topology, not predicted pipeline points."
1,1064,1.0,0.005433333333333333,0.9945814005254889,0.1,0.0005433333333333334,"N_mode_max = chi*Nret is an upper occupancy anchor for a collected coherent signal mode; high-NS maps are target-channel topology, not predicted pipeline points."
1,1064,3.0,0.016300000000000002,0.9838321261405697,1.0,0.016300000000000002,"N_mode_max = chi*Nret is an upper occupancy anchor for a collected coherent signal mode; high-NS maps are target-channel topology, not predicted pipeline points."
1,1064,3.0,0.016300000000000002,0.9838321261405697,0.3,0.00489,"N_mode_max = chi*Nret is an upper occupancy anchor for a collected coherent signal mode; high-NS maps are target-channel topology, not predicted pipeline points."
1,1064,3.0,0.016300000000000002,0.9838321261405697,0.1,0.0016300000000000004,"N_mode_max = chi*Nret is an upper occupancy anchor for a collected coherent signal mode; high-NS maps are target-channel topology, not predicted pipeline points."
1,1064,10.0,0.05433333333333333,0.9471163484289002,1.0,0.05433333333333333,"N_mode_max = chi*Nret is an upper occupancy anchor for a collected coherent signal mode; high-NS maps are target-channel topology, not predicted pipeline points."
1,1064,10.0,0.05433333333333333,0.9471163484289002,0.3,0.0163,"N_mode_max = chi*Nret is an upper occupancy anchor for a collected coherent signal mode; high-NS maps are target-channel topology, not predicted pipeline points."
1,1064,10.0,0.05433333333333333,0.9471163484289002,0.1,0.005433333333333333,"N_mode_max = chi*Nret is an upper occupancy anchor for a collected coherent signal mode; high-NS maps are target-channel topology, not predicted pipeline points."
1,1550,0.1,0.00017533333333333333,0.9998246820366572,1.0,0.00017533333333333333,"N_mode_max = chi*Nret is an upper occupancy anchor for a collected coherent signal mode; high-NS maps are target-channel topology, not predicted pipeline points."
1,1550,0.1,0.00017533333333333333,0.9998246820366572,0.3,5.26e-05,"N_mode_max = chi*Nret is an upper occupancy anchor for a collected coherent signal mode; high-NS maps are target-channel topology, not predicted pipeline points."
1,1550,0.1,0.00017533333333333333,0.9998246820366572,0.1,1.7533333333333334e-05,"N_mode_max = chi*Nret is an upper occupancy anchor for a collected coherent signal mode; high-NS maps are target-channel topology, not predicted pipeline points."
1,1550,0.3,0.000526,0.9994741383137479,1.0,0.000526,"N_mode_max = chi*Nret is an upper occupancy anchor for a collected coherent signal mode; high-NS maps are target-channel topology, not predicted pipeline points."
1,1550,0.3,0.000526,0.9994741383137479,0.3,0.0001578,"N_mode_max = chi*Nret is an upper occupancy anchor for a collected coherent signal mode; high-NS maps are target-channel topology, not predicted pipeline points."
1,1550,0.3,0.000526,0.9994741383137479,0.1,5.2600000000000005e-05,"N_mode_max = chi*Nret is an upper occupancy anchor for a collected coherent signal mode; high-NS maps are target-channel topology, not predicted pipeline points."
1,1550,1.0,0.0017533333333333333,0.9982482028576062,1.0,0.0017533333333333333,"N_mode_max = chi*Nret is an upper occupancy anchor for a collected coherent signal mode; high-NS maps are target-channel topology, not predicted pipeline points."
1,1550,1.0,0.0017533333333333333,0.9982482028576062,0.3,0.000526,"N_mode_max = chi*Nret is an upper occupancy anchor for a collected coherent signal mode; high-NS maps are target-channel topology, not predicted pipeline points."
1,1550,1.0,0.0017533333333333333,0.9982482028576062,0.1,0.00017533333333333333,"N_mode_max = chi*Nret is an upper occupancy anchor for a collected coherent signal mode; high-NS maps are target-channel topology, not predicted pipeline points."
1,1550,3.0,0.00526,0.9947538095765994,1.0,0.00526,"N_mode_max = chi*Nret is an upper occupancy anchor for a collected coherent signal mode; high-NS maps are target-channel topology, not predicted pipeline points."
1,1550,3.0,0.00526,0.9947538095765994,0.3,0.001578,"N_mode_max = chi*Nret is an upper occupancy anchor for a collected coherent signal mode; high-NS maps are target-channel topology, not predicted pipeline points."
1,1550,3.0,0.00526,0.9947538095765994,0.1,0.000526,"N_mode_max = chi*Nret is an upper occupancy anchor for a collected coherent signal mode; high-NS maps are target-channel topology, not predicted pipeline points."
1,1550,10.0,0.01753333333333333,0.9826194811364628,1.0,0.01753333333333333,"N_mode_max = chi*Nret is an upper occupancy anchor for a collected coherent signal mode; high-NS maps are target-channel topology, not predicted pipeline points."
1,1550,10.0,0.01753333333333333,0.9826194811364628,0.3,0.005259999999999999,"N_mode_max = chi*Nret is an upper occupancy anchor for a collected coherent signal mode; high-NS maps are target-channel topology, not predicted pipeline points."
1,1550,10.0,0.01753333333333333,0.9826194811364628,0.1,0.0017533333333333333,"N_mode_max = chi*Nret is an upper occupancy anchor for a collected coherent signal mode; high-NS maps are target-channel topology, not predicted pipeline points."
5,532,0.1,0.021666666666666667,0.9785663694822792,1.0,0.021666666666666667,"N_mode_max = chi*Nret is an upper occupancy anchor for a collected coherent signal mode; high-NS maps are target-channel topology, not predicted pipeline points."
5,532,0.1,0.021666666666666667,0.9785663694822792,0.3,0.0065,"N_mode_max = chi*Nret is an upper occupancy anchor for a collected coherent signal mode; high-NS maps are target-channel topology, not predicted pipeline points."
5,532,0.1,0.021666666666666667,0.9785663694822792,0.1,0.002166666666666667,"N_mode_max = chi*Nret is an upper occupancy anchor for a collected coherent signal mode; high-NS maps are target-channel topology, not predicted pipeline points."
5,532,0.3,0.065,0.9370674633774034,1.0,0.065,"N_mode_max = chi*Nret is an upper occupancy anchor for a collected coherent signal mode; high-NS maps are target-channel topology, not predicted pipeline points."
5,532,0.3,0.065,0.9370674633774034,0.3,0.0195,"N_mode_max = chi*Nret is an upper occupancy anchor for a collected coherent signal mode; high-NS maps are target-channel topology, not predicted pipeline points."
5,532,0.3,0.065,0.9370674633774034,0.1,0.006500000000000001,"N_mode_max = chi*Nret is an upper occupancy anchor for a collected coherent signal mode; high-NS maps are target-channel topology, not predicted pipeline points."
5,532,1.0,0.21666666666666667,0.8051983240180706,1.0,0.21666666666666667,"N_mode_max = chi*Nret is an upper occupancy anchor for a collected coherent signal mode; high-NS maps are target-channel topology, not predicted pipeline points."
5,532,1.0,0.21666666666666667,0.8051983240180706,0.3,0.065,"N_mode_max = chi*Nret is an upper occupancy anchor for a collected coherent signal mode; high-NS maps are target-channel topology, not predicted pipeline points."
5,532,1.0,0.21666666666666667,0.8051983240180706,0.1,0.021666666666666667,"N_mode_max = chi*Nret is an upper occupancy anchor for a collected coherent signal mode; high-NS maps are target-channel topology, not predicted pipeline points."
5,532,3.0,0.65,0.522045776761016,1.0,0.65,"N_mode_max = chi*Nret is an upper occupancy anchor for a collected coherent signal mode; high-NS maps are target-channel topology, not predicted pipeline points."
5,532,3.0,0.65,0.522045776761016,0.3,0.195,"N_mode_max = chi*Nret is an upper occupancy anchor for a collected coherent signal mode; high-NS maps are target-channel topology, not predicted pipeline points."
5,532,3.0,0.65,0.522045776761016,0.1,0.065,"N_mode_max = chi*Nret is an upper occupancy anchor for a collected coherent signal mode; high-NS maps are target-channel topology, not predicted pipeline points."
5,532,10.0,2.166666666666667,0.11455884399268769,1.0,2.166666666666667,"N_mode_max = chi*Nret is an upper occupancy anchor for a collected coherent signal mode; high-NS maps are target-channel topology, not predicted pipeline points."
5,532,10.0,2.166666666666667,0.11455884399268769,0.3,0.65,"N_mode_max = chi*Nret is an upper occupancy anchor for a collected coherent signal mode; high-NS maps are target-channel topology, not predicted pipeline points."
5,532,10.0,2.166666666666667,0.11455884399268769,0.1,0.2166666666666667,"N_mode_max = chi*Nret is an upper occupancy anchor for a collected coherent signal mode; high-NS maps are target-channel topology, not predicted pipeline points."
5,633,0.1,0.012866666666666665,0.9872157550127615,1.0,0.012866666666666665,"N_mode_max = chi*Nret is an upper occupancy anchor for a collected coherent signal mode; high-NS maps are target-channel topology, not predicted pipeline points."
5,633,0.1,0.012866666666666665,0.9872157550127615,0.3,0.0038599999999999993,"N_mode_max = chi*Nret is an upper occupancy anchor for a collected coherent signal mode; high-NS maps are target-channel topology, not predicted pipeline points."
5,633,0.1,0.012866666666666665,0.9872157550127615,0.1,0.0012866666666666666,"N_mode_max = chi*Nret is an upper occupancy anchor for a collected coherent signal mode; high-NS maps are target-channel topology, not predicted pipeline points."
5,633,0.3,0.038599999999999995,0.9621354863803417,1.0,0.038599999999999995,"N_mode_max = chi*Nret is an upper occupancy anchor for a collected coherent signal mode; high-NS maps are target-channel topology, not predicted pipeline points."
5,633,0.3,0.038599999999999995,0.9621354863803417,0.3,0.011579999999999998,"N_mode_max = chi*Nret is an upper occupancy anchor for a collected coherent signal mode; high-NS maps are target-channel topology, not predicted pipeline points."
5,633,0.3,0.038599999999999995,0.9621354863803417,0.1,0.0038599999999999997,"N_mode_max = chi*Nret is an upper occupancy anchor for a collected coherent signal mode; high-NS maps are target-channel topology, not predicted pipeline points."
5,633,1.0,0.12866666666666665,0.8792670057047449,1.0,0.12866666666666665,"N_mode_max = chi*Nret is an upper occupancy anchor for a collected coherent signal mode; high-NS maps are target-channel topology, not predicted pipeline points."
5,633,1.0,0.12866666666666665,0.8792670057047449,0.3,0.038599999999999995,"N_mode_max = chi*Nret is an upper occupancy anchor for a collected coherent signal mode; high-NS maps are target-channel topology, not predicted pipeline points."
5,633,1.0,0.12866666666666665,0.8792670057047449,0.1,0.012866666666666665,"N_mode_max = chi*Nret is an upper occupancy anchor for a collected coherent signal mode; high-NS maps are target-channel topology, not predicted pipeline points."
5,633,3.0,0.38599999999999995,0.679770525680321,1.0,0.38599999999999995,"N_mode_max = chi*Nret is an upper occupancy anchor for a collected coherent signal mode; high-NS maps are target-channel topology, not predicted pipeline points."
5,633,3.0,0.38599999999999995,0.679770525680321,0.3,0.11579999999999999,"N_mode_max = chi*Nret is an upper occupancy anchor for a collected coherent signal mode; high-NS maps are target-channel topology, not predicted pipeline points."
5,633,3.0,0.38599999999999995,0.679770525680321,0.1,0.038599999999999995,"N_mode_max = chi*Nret is an upper occupancy anchor for a collected coherent signal mode; high-NS maps are target-channel topology, not predicted pipeline points."
5,633,10.0,1.2866666666666666,0.27618988334946576,1.0,1.2866666666666666,"N_mode_max = chi*Nret is an upper occupancy anchor for a collected coherent signal mode; high-NS maps are target-channel topology, not predicted pipeline points."
5,633,10.0,1.2866666666666666,0.27618988334946576,0.3,0.38599999999999995,"N_mode_max = chi*Nret is an upper occupancy anchor for a collected coherent signal mode; high-NS maps are target-channel topology, not predicted pipeline points."
5,633,10.0,1.2866666666666666,0.27618988334946576,0.1,0.12866666666666668,"N_mode_max = chi*Nret is an upper occupancy anchor for a collected coherent signal mode; high-NS maps are target-channel topology, not predicted pipeline points."
5,1064,0.1,0.0027166666666666667,0.9972870201328647,1.0,0.0027166666666666667,"N_mode_max = chi*Nret is an upper occupancy anchor for a collected coherent signal mode; high-NS maps are target-channel topology, not predicted pipeline points."
5,1064,0.1,0.0027166666666666667,0.9972870201328647,0.3,0.000815,"N_mode_max = chi*Nret is an upper occupancy anchor for a collected coherent signal mode; high-NS maps are target-channel topology, not predicted pipeline points."
5,1064,0.1,0.0027166666666666667,0.9972870201328647,0.1,0.0002716666666666667,"N_mode_max = chi*Nret is an upper occupancy anchor for a collected coherent signal mode; high-NS maps are target-channel topology, not predicted pipeline points."
5,1064,0.3,0.00815,0.9918831212096361,1.0,0.00815,"N_mode_max = chi*Nret is an upper occupancy anchor for a collected coherent signal mode; high-NS maps are target-channel topology, not predicted pipeline points."
5,1064,0.3,0.00815,0.9918831212096361,0.3,0.0024449999999999997,"N_mode_max = chi*Nret is an upper occupancy anchor for a collected coherent signal mode; high-NS maps are target-channel topology, not predicted pipeline points."
5,1064,0.3,0.00815,0.9918831212096361,0.1,0.000815,"N_mode_max = chi*Nret is an upper occupancy anchor for a collected coherent signal mode; high-NS maps are target-channel topology, not predicted pipeline points."
5,1064,1.0,0.027166666666666665,0.9731990281689045,1.0,0.027166666666666665,"N_mode_max = chi*Nret is an upper occupancy anchor for a collected coherent signal mode; high-NS maps are target-channel topology, not predicted pipeline points."
5,1064,1.0,0.027166666666666665,0.9731990281689045,0.3,0.00815,"N_mode_max = chi*Nret is an upper occupancy anchor for a collected coherent signal mode; high-NS maps are target-channel topology, not predicted pipeline points."
5,1064,1.0,0.027166666666666665,0.9731990281689045,0.1,0.0027166666666666667,"N_mode_max = chi*Nret is an upper occupancy anchor for a collected coherent signal mode; high-NS maps are target-channel topology, not predicted pipeline points."
5,1064,3.0,0.08149999999999999,0.9217327098538872,1.0,0.08149999999999999,"N_mode_max = chi*Nret is an upper occupancy anchor for a collected coherent signal mode; high-NS maps are target-channel topology, not predicted pipeline points."
5,1064,3.0,0.08149999999999999,0.9217327098538872,0.3,0.024449999999999996,"N_mode_max = chi*Nret is an upper occupancy anchor for a collected coherent signal mode; high-NS maps are target-channel topology, not predicted pipeline points."
5,1064,3.0,0.08149999999999999,0.9217327098538872,0.1,0.00815,"N_mode_max = chi*Nret is an upper occupancy anchor for a collected coherent signal mode; high-NS maps are target-channel topology, not predicted pipeline points."
5,1064,10.0,0.27166666666666667,0.7621082548401408,1.0,0.27166666666666667,"N_mode_max = chi*Nret is an upper occupancy anchor for a collected coherent signal mode; high-NS maps are target-channel topology, not predicted pipeline points."
5,1064,10.0,0.27166666666666667,0.7621082548401408,0.3,0.0815,"N_mode_max = chi*Nret is an upper occupancy anchor for a collected coherent signal mode; high-NS maps are target-channel topology, not predicted pipeline points."
5,1064,10.0,0.27166666666666667,0.7621082548401408,0.1,0.02716666666666667,"N_mode_max = chi*Nret is an upper occupancy anchor for a collected coherent signal mode; high-NS maps are target-channel topology, not predicted pipeline points."
5,1550,0.1,0.0008766666666666667,0.9991237174932873,1.0,0.0008766666666666667,"N_mode_max = chi*Nret is an upper occupancy anchor for a collected coherent signal mode; high-NS maps are target-channel topology, not predicted pipeline points."
5,1550,0.1,0.0008766666666666667,0.9991237174932873,0.3,0.000263,"N_mode_max = chi*Nret is an upper occupancy anchor for a collected coherent signal mode; high-NS maps are target-channel topology, not predicted pipeline points."
5,1550,0.1,0.0008766666666666667,0.9991237174932873,0.1,8.766666666666667e-05,"N_mode_max = chi*Nret is an upper occupancy anchor for a collected coherent signal mode; high-NS maps are target-channel topology, not predicted pipeline points."
5,1550,0.3,0.0026299999999999995,0.9973734554200846,1.0,0.0026299999999999995,"N_mode_max = chi*Nret is an upper occupancy anchor for a collected coherent signal mode; high-NS maps are target-channel topology, not predicted pipeline points."
5,1550,0.3,0.0026299999999999995,0.9973734554200846,0.3,0.0007889999999999999,"N_mode_max = chi*Nret is an upper occupancy anchor for a collected coherent signal mode; high-NS maps are target-channel topology, not predicted pipeline points."
5,1550,0.3,0.0026299999999999995,0.9973734554200846,0.1,0.00026299999999999994,"N_mode_max = chi*Nret is an upper occupancy anchor for a collected coherent signal mode; high-NS maps are target-channel topology, not predicted pipeline points."
5,1550,1.0,0.008766666666666666,0.9912716485083505,1.0,0.008766666666666666,"N_mode_max = chi*Nret is an upper occupancy anchor for a collected coherent signal mode; high-NS maps are target-channel topology, not predicted pipeline points."
5,1550,1.0,0.008766666666666666,0.9912716485083505,0.3,0.0026299999999999995,"N_mode_max = chi*Nret is an upper occupancy anchor for a collected coherent signal mode; high-NS maps are target-channel topology, not predicted pipeline points."
5,1550,1.0,0.008766666666666666,0.9912716485083505,0.1,0.0008766666666666667,"N_mode_max = chi*Nret is an upper occupancy anchor for a collected coherent signal mode; high-NS maps are target-channel topology, not predicted pipeline points."
5,1550,3.0,0.026299999999999997,0.9740428329225616,1.0,0.026299999999999997,"N_mode_max = chi*Nret is an upper occupancy anchor for a collected coherent signal mode; high-NS maps are target-channel topology, not predicted pipeline points."
5,1550,3.0,0.026299999999999997,0.9740428329225616,0.3,0.00789,"N_mode_max = chi*Nret is an upper occupancy anchor for a collected coherent signal mode; high-NS maps are target-channel topology, not predicted pipeline points."
5,1550,3.0,0.026299999999999997,0.9740428329225616,0.1,0.00263,"N_mode_max = chi*Nret is an upper occupancy anchor for a collected coherent signal mode; high-NS maps are target-channel topology, not predicted pipeline points."
5,1550,10.0,0.08766666666666666,0.9160661812301577,1.0,0.08766666666666666,"N_mode_max = chi*Nret is an upper occupancy anchor for a collected coherent signal mode; high-NS maps are target-channel topology, not predicted pipeline points."
5,1550,10.0,0.08766666666666666,0.9160661812301577,0.3,0.026299999999999997,"N_mode_max = chi*Nret is an upper occupancy anchor for a collected coherent signal mode; high-NS maps are target-channel topology, not predicted pipeline points."
5,1550,10.0,0.08766666666666666,0.9160661812301577,0.1,0.008766666666666666,"N_mode_max = chi*Nret is an upper occupancy anchor for a collected coherent signal mode; high-NS maps are target-channel topology, not predicted pipeline points."
10,532,0.1,0.043333333333333335,0.9575921394817286,1.0,0.043333333333333335,"N_mode_max = chi*Nret is an upper occupancy anchor for a collected coherent signal mode; high-NS maps are target-channel topology, not predicted pipeline points."
10,532,0.1,0.043333333333333335,0.9575921394817286,0.3,0.013,"N_mode_max = chi*Nret is an upper occupancy anchor for a collected coherent signal mode; high-NS maps are target-channel topology, not predicted pipeline points."
10,532,0.1,0.043333333333333335,0.9575921394817286,0.1,0.004333333333333334,"N_mode_max = chi*Nret is an upper occupancy anchor for a collected coherent signal mode; high-NS maps are target-channel topology, not predicted pipeline points."
10,532,0.3,0.13,0.8780954309205613,1.0,0.13,"N_mode_max = chi*Nret is an upper occupancy anchor for a collected coherent signal mode; high-NS maps are target-channel topology, not predicted pipeline points."
10,532,0.3,0.13,0.8780954309205613,0.3,0.039,"N_mode_max = chi*Nret is an upper occupancy anchor for a collected coherent signal mode; high-NS maps are target-channel topology, not predicted pipeline points."
10,532,0.3,0.13,0.8780954309205613,0.1,0.013000000000000001,"N_mode_max = chi*Nret is an upper occupancy anchor for a collected coherent signal mode; high-NS maps are target-channel topology, not predicted pipeline points."
10,532,1.0,0.43333333333333335,0.6483443410015097,1.0,0.43333333333333335,"N_mode_max = chi*Nret is an upper occupancy anchor for a collected coherent signal mode; high-NS maps are target-channel topology, not predicted pipeline points."
10,532,1.0,0.43333333333333335,0.6483443410015097,0.3,0.13,"N_mode_max = chi*Nret is an upper occupancy anchor for a collected coherent signal mode; high-NS maps are target-channel topology, not predicted pipeline points."
10,532,1.0,0.43333333333333335,0.6483443410015097,0.1,0.043333333333333335,"N_mode_max = chi*Nret is an upper occupancy anchor for a collected coherent signal mode; high-NS maps are target-channel topology, not predicted pipeline points."
10,532,3.0,1.3,0.2725317930340126,1.0,1.3,"N_mode_max = chi*Nret is an upper occupancy anchor for a collected coherent signal mode; high-NS maps are target-channel topology, not predicted pipeline points."
10,532,3.0,1.3,0.2725317930340126,0.3,0.39,"N_mode_max = chi*Nret is an upper occupancy anchor for a collected coherent signal mode; high-NS maps are target-channel topology, not predicted pipeline points."
10,532,3.0,1.3,0.2725317930340126,0.1,0.13,"N_mode_max = chi*Nret is an upper occupancy anchor for a collected coherent signal mode; high-NS maps are target-channel topology, not predicted pipeline points."
10,532,10.0,4.333333333333334,0.013123728736940956,1.0,4.333333333333334,"N_mode_max = chi*Nret is an upper occupancy anchor for a collected coherent signal mode; high-NS maps are target-channel topology, not predicted pipeline points."
10,532,10.0,4.333333333333334,0.013123728736940956,0.3,1.3,"N_mode_max = chi*Nret is an upper occupancy anchor for a collected coherent signal mode; high-NS maps are target-channel topology, not predicted pipeline points."
10,532,10.0,4.333333333333334,0.013123728736940956,0.1,0.4333333333333334,"N_mode_max = chi*Nret is an upper occupancy anchor for a collected coherent signal mode; high-NS maps are target-channel topology, not predicted pipeline points."
10,633,0.1,0.02573333333333333,0.9745949469454167,1.0,0.02573333333333333,"N_mode_max = chi*Nret is an upper occupancy anchor for a collected coherent signal mode; high-NS maps are target-channel topology, not predicted pipeline points."
10,633,0.1,0.02573333333333333,0.9745949469454167,0.3,0.0077199999999999986,"N_mode_max = chi*Nret is an upper occupancy anchor for a collected coherent signal mode; high-NS maps are target-channel topology, not predicted pipeline points."
10,633,0.1,0.02573333333333333,0.9745949469454167,0.1,0.0025733333333333333,"N_mode_max = chi*Nret is an upper occupancy anchor for a collected coherent signal mode; high-NS maps are target-channel topology, not predicted pipeline points."
10,633,0.3,0.07719999999999999,0.9257046941523367,1.0,0.07719999999999999,"N_mode_max = chi*Nret is an upper occupancy anchor for a collected coherent signal mode; high-NS maps are target-channel topology, not predicted pipeline points."
10,633,0.3,0.07719999999999999,0.9257046941523367,0.3,0.023159999999999997,"N_mode_max = chi*Nret is an upper occupancy anchor for a collected coherent signal mode; high-NS maps are target-channel topology, not predicted pipeline points."
10,633,0.3,0.07719999999999999,0.9257046941523367,0.1,0.007719999999999999,"N_mode_max = chi*Nret is an upper occupancy anchor for a collected coherent signal mode; high-NS maps are target-channel topology, not predicted pipeline points."
10,633,1.0,0.2573333333333333,0.7731104673209879,1.0,0.2573333333333333,"N_mode_max = chi*Nret is an upper occupancy anchor for a collected coherent signal mode; high-NS maps are target-channel topology, not predicted pipeline points."
10,633,1.0,0.2573333333333333,0.7731104673209879,0.3,0.07719999999999999,"N_mode_max = chi*Nret is an upper occupancy anchor for a collected coherent signal mode; high-NS maps are target-channel topology, not predicted pipeline points."
10,633,1.0,0.2573333333333333,0.7731104673209879,0.1,0.02573333333333333,"N_mode_max = chi*Nret is an upper occupancy anchor for a collected coherent signal mode; high-NS maps are target-channel topology, not predicted pipeline points."
10,633,3.0,0.7719999999999999,0.4620879675837001,1.0,0.7719999999999999,"N_mode_max = chi*Nret is an upper occupancy anchor for a collected coherent signal mode; high-NS maps are target-channel topology, not predicted pipeline points."
10,633,3.0,0.7719999999999999,0.4620879675837001,0.3,0.23159999999999997,"N_mode_max = chi*Nret is an upper occupancy anchor for a collected coherent signal mode; high-NS maps are target-channel topology, not predicted pipeline points."
10,633,3.0,0.7719999999999999,0.4620879675837001,0.1,0.07719999999999999,"N_mode_max = chi*Nret is an upper occupancy anchor for a collected coherent signal mode; high-NS maps are target-channel topology, not predicted pipeline points."
10,633,10.0,2.5733333333333333,0.07628085166459152,1.0,2.5733333333333333,"N_mode_max = chi*Nret is an upper occupancy anchor for a collected coherent signal mode; high-NS maps are target-channel topology, not predicted pipeline points."
10,633,10.0,2.5733333333333333,0.07628085166459152,0.3,0.7719999999999999,"N_mode_max = chi*Nret is an upper occupancy anchor for a collected coherent signal mode; high-NS maps are target-channel topology, not predicted pipeline points."
10,633,10.0,2.5733333333333333,0.07628085166459152,0.1,0.25733333333333336,"N_mode_max = chi*Nret is an upper occupancy anchor for a collected coherent signal mode; high-NS maps are target-channel topology, not predicted pipeline points."
10,1064,0.1,0.005433333333333333,0.9945814005254889,1.0,0.005433333333333333,"N_mode_max = chi*Nret is an upper occupancy anchor for a collected coherent signal mode; high-NS maps are target-channel topology, not predicted pipeline points."
10,1064,0.1,0.005433333333333333,0.9945814005254889,0.3,0.00163,"N_mode_max = chi*Nret is an upper occupancy anchor for a collected coherent signal mode; high-NS maps are target-channel topology, not predicted pipeline points."
10,1064,0.1,0.005433333333333333,0.9945814005254889,0.1,0.0005433333333333334,"N_mode_max = chi*Nret is an upper occupancy anchor for a collected coherent signal mode; high-NS maps are target-channel topology, not predicted pipeline points."
10,1064,0.3,0.0163,0.9838321261405697,1.0,0.0163,"N_mode_max = chi*Nret is an upper occupancy anchor for a collected coherent signal mode; high-NS maps are target-channel topology, not predicted pipeline points."
10,1064,0.3,0.0163,0.9838321261405697,0.3,0.004889999999999999,"N_mode_max = chi*Nret is an upper occupancy anchor for a collected coherent signal mode; high-NS maps are target-channel topology, not predicted pipeline points."
10,1064,0.3,0.0163,0.9838321261405697,0.1,0.00163,"N_mode_max = chi*Nret is an upper occupancy anchor for a collected coherent signal mode; high-NS maps are target-channel topology, not predicted pipeline points."
10,1064,1.0,0.05433333333333333,0.9471163484289002,1.0,0.05433333333333333,"N_mode_max = chi*Nret is an upper occupancy anchor for a collected coherent signal mode; high-NS maps are target-channel topology, not predicted pipeline points."
10,1064,1.0,0.05433333333333333,0.9471163484289002,0.3,0.0163,"N_mode_max = chi*Nret is an upper occupancy anchor for a collected coherent signal mode; high-NS maps are target-channel topology, not predicted pipeline points."
10,1064,1.0,0.05433333333333333,0.9471163484289002,0.1,0.005433333333333333,"N_mode_max = chi*Nret is an upper occupancy anchor for a collected coherent signal mode; high-NS maps are target-channel topology, not predicted pipeline points."
10,1064,3.0,0.16299999999999998,0.8495911884145902,1.0,0.16299999999999998,"N_mode_max = chi*Nret is an upper occupancy anchor for a collected coherent signal mode; high-NS maps are target-channel topology, not predicted pipeline points."
10,1064,3.0,0.16299999999999998,0.8495911884145902,0.3,0.04889999999999999,"N_mode_max = chi*Nret is an upper occupancy anchor for a collected coherent signal mode; high-NS maps are target-channel topology, not predicted pipeline points."
10,1064,3.0,0.16299999999999998,0.8495911884145902,0.1,0.0163,"N_mode_max = chi*Nret is an upper occupancy anchor for a collected coherent signal mode; high-NS maps are target-channel topology, not predicted pipeline points."
10,1064,10.0,0.5433333333333333,0.5808089920954849,1.0,0.5433333333333333,"N_mode_max = chi*Nret is an upper occupancy anchor for a collected coherent signal mode; high-NS maps are target-channel topology, not predicted pipeline points."
10,1064,10.0,0.5433333333333333,0.5808089920954849,0.3,0.163,"N_mode_max = chi*Nret is an upper occupancy anchor for a collected coherent signal mode; high-NS maps are target-channel topology, not predicted pipeline points."
10,1064,10.0,0.5433333333333333,0.5808089920954849,0.1,0.05433333333333334,"N_mode_max = chi*Nret is an upper occupancy anchor for a collected coherent signal mode; high-NS maps are target-channel topology, not predicted pipeline points."
10,1550,0.1,0.0017533333333333333,0.9982482028576062,1.0,0.0017533333333333333,"N_mode_max = chi*Nret is an upper occupancy anchor for a collected coherent signal mode; high-NS maps are target-channel topology, not predicted pipeline points."
10,1550,0.1,0.0017533333333333333,0.9982482028576062,0.3,0.000526,"N_mode_max = chi*Nret is an upper occupancy anchor for a collected coherent signal mode; high-NS maps are target-channel topology, not predicted pipeline points."
10,1550,0.1,0.0017533333333333333,0.9982482028576062,0.1,0.00017533333333333333,"N_mode_max = chi*Nret is an upper occupancy anchor for a collected coherent signal mode; high-NS maps are target-channel topology, not predicted pipeline points."
10,1550,0.3,0.005259999999999999,0.9947538095765995,1.0,0.005259999999999999,"N_mode_max = chi*Nret is an upper occupancy anchor for a collected coherent signal mode; high-NS maps are target-channel topology, not predicted pipeline points."
10,1550,0.3,0.005259999999999999,0.9947538095765995,0.3,0.0015779999999999998,"N_mode_max = chi*Nret is an upper occupancy anchor for a collected coherent signal mode; high-NS maps are target-channel topology, not predicted pipeline points."
10,1550,0.3,0.005259999999999999,0.9947538095765995,0.1,0.0005259999999999999,"N_mode_max = chi*Nret is an upper occupancy anchor for a collected coherent signal mode; high-NS maps are target-channel topology, not predicted pipeline points."
10,1550,1.0,0.01753333333333333,0.9826194811364628,1.0,0.01753333333333333,"N_mode_max = chi*Nret is an upper occupancy anchor for a collected coherent signal mode; high-NS maps are target-channel topology, not predicted pipeline points."
10,1550,1.0,0.01753333333333333,0.9826194811364628,0.3,0.005259999999999999,"N_mode_max = chi*Nret is an upper occupancy anchor for a collected coherent signal mode; high-NS maps are target-channel topology, not predicted pipeline points."
10,1550,1.0,0.01753333333333333,0.9826194811364628,0.1,0.0017533333333333333,"N_mode_max = chi*Nret is an upper occupancy anchor for a collected coherent signal mode; high-NS maps are target-channel topology, not predicted pipeline points."
10,1550,3.0,0.052599999999999994,0.9487594403678091,1.0,0.052599999999999994,"N_mode_max = chi*Nret is an upper occupancy anchor for a collected coherent signal mode; high-NS maps are target-channel topology, not predicted pipeline points."
10,1550,3.0,0.052599999999999994,0.9487594403678091,0.3,0.01578,"N_mode_max = chi*Nret is an upper occupancy anchor for a collected coherent signal mode; high-NS maps are target-channel topology, not predicted pipeline points."
10,1550,3.0,0.052599999999999994,0.9487594403678091,0.1,0.00526,"N_mode_max = chi*Nret is an upper occupancy anchor for a collected coherent signal mode; high-NS maps are target-channel topology, not predicted pipeline points."
10,1550,10.0,0.1753333333333333,0.8391772483936041,1.0,0.1753333333333333,"N_mode_max = chi*Nret is an upper occupancy anchor for a collected coherent signal mode; high-NS maps are target-channel topology, not predicted pipeline points."
10,1550,10.0,0.1753333333333333,0.8391772483936041,0.3,0.052599999999999994,"N_mode_max = chi*Nret is an upper occupancy anchor for a collected coherent signal mode; high-NS maps are target-channel topology, not predicted pipeline points."
10,1550,10.0,0.1753333333333333,0.8391772483936041,0.1,0.01753333333333333,"N_mode_max = chi*Nret is an upper occupancy anchor for a collected coherent signal mode; high-NS maps are target-channel topology, not predicted pipeline points."
20,532,0.1,0.08666666666666667,0.9169827055971943,1.0,0.08666666666666667,"N_mode_max = chi*Nret is an upper occupancy anchor for a collected coherent signal mode; high-NS maps are target-channel topology, not predicted pipeline points."
20,532,0.1,0.08666666666666667,0.9169827055971943,0.3,0.026,"N_mode_max = chi*Nret is an upper occupancy anchor for a collected coherent signal mode; high-NS maps are target-channel topology, not predicted pipeline points."
20,532,0.1,0.08666666666666667,0.9169827055971943,0.1,0.008666666666666668,"N_mode_max = chi*Nret is an upper occupancy anchor for a collected coherent signal mode; high-NS maps are target-channel topology, not predicted pipeline points."
20,532,0.3,0.26,0.7710515858035663,1.0,0.26,"N_mode_max = chi*Nret is an upper occupancy anchor for a collected coherent signal mode; high-NS maps are target-channel topology, not predicted pipeline points."
20,532,0.3,0.26,0.7710515858035663,0.3,0.078,"N_mode_max = chi*Nret is an upper occupancy anchor for a collected coherent signal mode; high-NS maps are target-channel topology, not predicted pipeline points."
20,532,0.3,0.26,0.7710515858035663,0.1,0.026000000000000002,"N_mode_max = chi*Nret is an upper occupancy anchor for a collected coherent signal mode; high-NS maps are target-channel topology, not predicted pipeline points."
20,532,1.0,0.8666666666666667,0.4203503845086819,1.0,0.8666666666666667,"N_mode_max = chi*Nret is an upper occupancy anchor for a collected coherent signal mode; high-NS maps are target-channel topology, not predicted pipeline points."
20,532,1.0,0.8666666666666667,0.4203503845086819,0.3,0.26,"N_mode_max = chi*Nret is an upper occupancy anchor for a collected coherent signal mode; high-NS maps are target-channel topology, not predicted pipeline points."
20,532,1.0,0.8666666666666667,0.4203503845086819,0.1,0.08666666666666667,"N_mode_max = chi*Nret is an upper occupancy anchor for a collected coherent signal mode; high-NS maps are target-channel topology, not predicted pipeline points."
20,532,3.0,2.6,0.07427357821433388,1.0,2.6,"N_mode_max = chi*Nret is an upper occupancy anchor for a collected coherent signal mode; high-NS maps are target-channel topology, not predicted pipeline points."
20,532,3.0,2.6,0.07427357821433388,0.3,0.78,"N_mode_max = chi*Nret is an upper occupancy anchor for a collected coherent signal mode; high-NS maps are target-channel topology, not predicted pipeline points."
20,532,3.0,2.6,0.07427357821433388,0.1,0.26,"N_mode_max = chi*Nret is an upper occupancy anchor for a collected coherent signal mode; high-NS maps are target-channel topology, not predicted pipeline points."
20,532,10.0,8.666666666666668,0.00017223225596080984,1.0,8.666666666666668,"N_mode_max = chi*Nret is an upper occupancy anchor for a collected coherent signal mode; high-NS maps are target-channel topology, not predicted pipeline points."
20,532,10.0,8.666666666666668,0.00017223225596080984,0.3,2.6,"N_mode_max = chi*Nret is an upper occupancy anchor for a collected coherent signal mode; high-NS maps are target-channel topology, not predicted pipeline points."
20,532,10.0,8.666666666666668,0.00017223225596080984,0.1,0.8666666666666668,"N_mode_max = chi*Nret is an upper occupancy anchor for a collected coherent signal mode; high-NS maps are target-channel topology, not predicted pipeline points."
20,633,0.1,0.05146666666666666,0.9498353106115395,1.0,0.05146666666666666,"N_mode_max = chi*Nret is an upper occupancy anchor for a collected coherent signal mode; high-NS maps are target-channel topology, not predicted pipeline points."
20,633,0.1,0.05146666666666666,0.9498353106115395,0.3,0.015439999999999997,"N_mode_max = chi*Nret is an upper occupancy anchor for a collected coherent signal mode; high-NS maps are target-channel topology, not predicted pipeline points."
20,633,0.1,0.05146666666666666,0.9498353106115395,0.1,0.005146666666666667,"N_mode_max = chi*Nret is an upper occupancy anchor for a collected coherent signal mode; high-NS maps are target-channel topology, not predicted pipeline points."
20,633,0.3,0.15439999999999998,0.8569291807756713,1.0,0.15439999999999998,"N_mode_max = chi*Nret is an upper occupancy anchor for a collected coherent signal mode; high-NS maps are target-channel topology, not predicted pipeline points."
20,633,0.3,0.15439999999999998,0.8569291807756713,0.3,0.04631999999999999,"N_mode_max = chi*Nret is an upper occupancy anchor for a collected coherent signal mode; high-NS maps are target-channel topology, not predicted pipeline points."
20,633,0.3,0.15439999999999998,0.8569291807756713,0.1,0.015439999999999999,"N_mode_max = chi*Nret is an upper occupancy anchor for a collected coherent signal mode; high-NS maps are target-channel topology, not predicted pipeline points."
20,633,1.0,0.5146666666666666,0.5976997946812763,1.0,0.5146666666666666,"N_mode_max = chi*Nret is an upper occupancy anchor for a collected coherent signal mode; high-NS maps are target-channel topology, not predicted pipeline points."
20,633,1.0,0.5146666666666666,0.5976997946812763,0.3,0.15439999999999998,"N_mode_max = chi*Nret is an upper occupancy anchor for a collected coherent signal mode; high-NS maps are target-channel topology, not predicted pipeline points."
20,633,1.0,0.5146666666666666,0.5976997946812763,0.1,0.05146666666666666,"N_mode_max = chi*Nret is an upper occupancy anchor for a collected coherent signal mode; high-NS maps are target-channel topology, not predicted pipeline points."
20,633,3.0,1.5439999999999998,0.21352528978563465,1.0,1.5439999999999998,"N_mode_max = chi*Nret is an upper occupancy anchor for a collected coherent signal mode; high-NS maps are target-channel topology, not predicted pipeline points."
20,633,3.0,1.5439999999999998,0.21352528978563465,0.3,0.46319999999999995,"N_mode_max = chi*Nret is an upper occupancy anchor for a collected coherent signal mode; high-NS maps are target-channel topology, not predicted pipeline points."
20,633,3.0,1.5439999999999998,0.21352528978563465,0.1,0.15439999999999998,"N_mode_max = chi*Nret is an upper occupancy anchor for a collected coherent signal mode; high-NS maps are target-channel topology, not predicted pipeline points."
20,633,10.0,5.1466666666666665,0.005818768330675414,1.0,5.1466666666666665,"N_mode_max = chi*Nret is an upper occupancy anchor for a collected coherent signal mode; high-NS maps are target-channel topology, not predicted pipeline points."
20,633,10.0,5.1466666666666665,0.005818768330675414,0.3,1.5439999999999998,"N_mode_max = chi*Nret is an upper occupancy anchor for a collected coherent signal mode; high-NS maps are target-channel topology, not predicted pipeline points."
20,633,10.0,5.1466666666666665,0.005818768330675414,0.1,0.5146666666666667,"N_mode_max = chi*Nret is an upper occupancy anchor for a collected coherent signal mode; high-NS maps are target-channel topology, not predicted pipeline points."
20,1064,0.1,0.010866666666666667,0.9891921622712431,1.0,0.010866666666666667,"N_mode_max = chi*Nret is an upper occupancy anchor for a collected coherent signal mode; high-NS maps are target-channel topology, not predicted pipeline points."
20,1064,0.1,0.010866666666666667,0.9891921622712431,0.3,0.00326,"N_mode_max = chi*Nret is an upper occupancy anchor for a collected coherent signal mode; high-NS maps are target-channel topology, not predicted pipeline points."
20,1064,0.1,0.010866666666666667,0.9891921622712431,0.1,0.0010866666666666668,"N_mode_max = chi*Nret is an upper occupancy anchor for a collected coherent signal mode; high-NS maps are target-channel topology, not predicted pipeline points."
20,1064,0.3,0.0326,0.9679256524262738,1.0,0.0326,"N_mode_max = chi*Nret is an upper occupancy anchor for a collected coherent signal mode; high-NS maps are target-channel topology, not predicted pipeline points."
20,1064,0.3,0.0326,0.9679256524262738,0.3,0.009779999999999999,"N_mode_max = chi*Nret is an upper occupancy anchor for a collected coherent signal mode; high-NS maps are target-channel topology, not predicted pipeline points."
20,1064,0.3,0.0326,0.9679256524262738,0.1,0.00326,"N_mode_max = chi*Nret is an upper occupancy anchor for a collected coherent signal mode; high-NS maps are target-channel topology, not predicted pipeline points."
20,1064,1.0,0.10866666666666666,0.8970293774612939,1.0,0.10866666666666666,"N_mode_max = chi*Nret is an upper occupancy anchor for a collected coherent signal mode; high-NS maps are target-channel topology, not predicted pipeline points."
20,1064,1.0,0.10866666666666666,0.8970293774612939,0.3,0.0326,"N_mode_max = chi*Nret is an upper occupancy anchor for a collected coherent signal mode; high-NS maps are target-channel topology, not predicted pipeline points."
20,1064,1.0,0.10866666666666666,0.8970293774612939,0.1,0.010866666666666667,"N_mode_max = chi*Nret is an upper occupancy anchor for a collected coherent signal mode; high-NS maps are target-channel topology, not predicted pipeline points."
20,1064,3.0,0.32599999999999996,0.7218051874317158,1.0,0.32599999999999996,"N_mode_max = chi*Nret is an upper occupancy anchor for a collected coherent signal mode; high-NS maps are target-channel topology, not predicted pipeline points."
20,1064,3.0,0.32599999999999996,0.7218051874317158,0.3,0.09779999999999998,"N_mode_max = chi*Nret is an upper occupancy anchor for a collected coherent signal mode; high-NS maps are target-channel topology, not predicted pipeline points."
20,1064,3.0,0.32599999999999996,0.7218051874317158,0.1,0.0326,"N_mode_max = chi*Nret is an upper occupancy anchor for a collected coherent signal mode; high-NS maps are target-channel topology, not predicted pipeline points."
20,1064,10.0,1.0866666666666667,0.33733908529897305,1.0,1.0866666666666667,"N_mode_max = chi*Nret is an upper occupancy anchor for a collected coherent signal mode; high-NS maps are target-channel topology, not predicted pipeline points."
20,1064,10.0,1.0866666666666667,0.33733908529897305,0.3,0.326,"N_mode_max = chi*Nret is an upper occupancy anchor for a collected coherent signal mode; high-NS maps are target-channel topology, not predicted pipeline points."
20,1064,10.0,1.0866666666666667,0.33733908529897305,0.1,0.10866666666666668,"N_mode_max = chi*Nret is an upper occupancy anchor for a collected coherent signal mode; high-NS maps are target-channel topology, not predicted pipeline points."
20,1550,0.1,0.0035066666666666666,0.9964994745084403,1.0,0.0035066666666666666,"N_mode_max = chi*Nret is an upper occupancy anchor for a collected coherent signal mode; high-NS maps are target-channel topology, not predicted pipeline points."
20,1550,0.1,0.0035066666666666666,0.9964994745084403,0.3,0.001052,"N_mode_max = chi*Nret is an upper occupancy anchor for a collected coherent signal mode; high-NS maps are target-channel topology, not predicted pipeline points."
20,1550,0.1,0.0035066666666666666,0.9964994745084403,0.1,0.00035066666666666666,"N_mode_max = chi*Nret is an upper occupancy anchor for a collected coherent signal mode; high-NS maps are target-channel topology, not predicted pipeline points."
20,1550,0.3,0.010519999999999998,0.9895351416671575,1.0,0.010519999999999998,"N_mode_max = chi*Nret is an upper occupancy anchor for a collected coherent signal mode; high-NS maps are target-channel topology, not predicted pipeline points."
20,1550,0.3,0.010519999999999998,0.9895351416671575,0.3,0.0031559999999999995,"N_mode_max = chi*Nret is an upper occupancy anchor for a collected coherent signal mode; high-NS maps are target-channel topology, not predicted pipeline points."
20,1550,0.3,0.010519999999999998,0.9895351416671575,0.1,0.0010519999999999998,"N_mode_max = chi*Nret is an upper occupancy anchor for a collected coherent signal mode; high-NS maps are target-channel topology, not predicted pipeline points."
20,1550,1.0,0.03506666666666666,0.9655410447088915,1.0,0.03506666666666666,"N_mode_max = chi*Nret is an upper occupancy anchor for a collected coherent signal mode; high-NS maps are target-channel topology, not predicted pipeline points."
20,1550,1.0,0.03506666666666666,0.9655410447088915,0.3,0.010519999999999998,"N_mode_max = chi*Nret is an upper occupancy anchor for a collected coherent signal mode; high-NS maps are target-channel topology, not predicted pipeline points."
20,1550,1.0,0.03506666666666666,0.9655410447088915,0.1,0.0035066666666666666,"N_mode_max = chi*Nret is an upper occupancy anchor for a collected coherent signal mode; high-NS maps are target-channel topology, not predicted pipeline points."
20,1550,3.0,0.10519999999999999,0.9001444756870385,1.0,0.10519999999999999,"N_mode_max = chi*Nret is an upper occupancy anchor for a collected coherent signal mode; high-NS maps are target-channel topology, not predicted pipeline points."
20,1550,3.0,0.10519999999999999,0.9001444756870385,0.3,0.03156,"N_mode_max = chi*Nret is an upper occupancy anchor for a collected coherent signal mode; high-NS maps are target-channel topology, not predicted pipeline points."
20,1550,3.0,0.10519999999999999,0.9001444756870385,0.1,0.01052,"N_mode_max = chi*Nret is an upper occupancy anchor for a collected coherent signal mode; high-NS maps are target-channel topology, not predicted pipeline points."
20,1550,10.0,0.3506666666666666,0.7042184542214607,1.0,0.3506666666666666,"N_mode_max = chi*Nret is an upper occupancy anchor for a collected coherent signal mode; high-NS maps are target-channel topology, not predicted pipeline points."
20,1550,10.0,0.3506666666666666,0.7042184542214607,0.3,0.10519999999999999,"N_mode_max = chi*Nret is an upper occupancy anchor for a collected coherent signal mode; high-NS maps are target-channel topology, not predicted pipeline points."
20,1550,10.0,0.3506666666666666,0.7042184542214607,0.1,0.03506666666666666,"N_mode_max = chi*Nret is an upper occupancy anchor for a collected coherent signal mode; high-NS maps are target-channel topology, not predicted pipeline points."
30,532,0.1,0.13,0.8780954309205613,1.0,0.13,"N_mode_max = chi*Nret is an upper occupancy anchor for a collected coherent signal mode; high-NS maps are target-channel topology, not predicted pipeline points."
30,532,0.1,0.13,0.8780954309205613,0.3,0.039,"N_mode_max = chi*Nret is an upper occupancy anchor for a collected coherent signal mode; high-NS maps are target-channel topology, not predicted pipeline points."
30,532,0.1,0.13,0.8780954309205613,0.1,0.013000000000000001,"N_mode_max = chi*Nret is an upper occupancy anchor for a collected coherent signal mode; high-NS maps are target-channel topology, not predicted pipeline points."
30,532,0.3,0.39,0.6770568744981647,1.0,0.39,"N_mode_max = chi*Nret is an upper occupancy anchor for a collected coherent signal mode; high-NS maps are target-channel topology, not predicted pipeline points."
30,532,0.3,0.39,0.6770568744981647,0.3,0.11699999999999999,"N_mode_max = chi*Nret is an upper occupancy anchor for a collected coherent signal mode; high-NS maps are target-channel topology, not predicted pipeline points."
30,532,0.3,0.39,0.6770568744981647,0.1,0.03900000000000001,"N_mode_max = chi*Nret is an upper occupancy anchor for a collected coherent signal mode; high-NS maps are target-channel topology, not predicted pipeline points."
30,532,1.0,1.3,0.2725317930340126,1.0,1.3,"N_mode_max = chi*Nret is an upper occupancy anchor for a collected coherent signal mode; high-NS maps are target-channel topology, not predicted pipeline points."
30,532,1.0,1.3,0.2725317930340126,0.3,0.39,"N_mode_max = chi*Nret is an upper occupancy anchor for a collected coherent signal mode; high-NS maps are target-channel topology, not predicted pipeline points."
30,532,1.0,1.3,0.2725317930340126,0.1,0.13,"N_mode_max = chi*Nret is an upper occupancy anchor for a collected coherent signal mode; high-NS maps are target-channel topology, not predicted pipeline points."
30,532,3.0,3.9000000000000004,0.02024191144580438,1.0,3.9000000000000004,"N_mode_max = chi*Nret is an upper occupancy anchor for a collected coherent signal mode; high-NS maps are target-channel topology, not predicted pipeline points."
30,532,3.0,3.9000000000000004,0.02024191144580438,0.3,1.1700000000000002,"N_mode_max = chi*Nret is an upper occupancy anchor for a collected coherent signal mode; high-NS maps are target-channel topology, not predicted pipeline points."
30,532,3.0,3.9000000000000004,0.02024191144580438,0.1,0.39000000000000007,"N_mode_max = chi*Nret is an upper occupancy anchor for a collected coherent signal mode; high-NS maps are target-channel topology, not predicted pipeline points."
30,532,10.0,13.0,2.2603294069810542e-06,1.0,13.0,"N_mode_max = chi*Nret is an upper occupancy anchor for a collected coherent signal mode; high-NS maps are target-channel topology, not predicted pipeline points."
30,532,10.0,13.0,2.2603294069810542e-06,0.3,3.9,"N_mode_max = chi*Nret is an upper occupancy anchor for a collected coherent signal mode; high-NS maps are target-channel topology, not predicted pipeline points."
30,532,10.0,13.0,2.2603294069810542e-06,0.1,1.3,"N_mode_max = chi*Nret is an upper occupancy anchor for a collected coherent signal mode; high-NS maps are target-channel topology, not predicted pipeline points."
30,633,0.1,0.0772,0.9257046941523367,1.0,0.0772,"N_mode_max = chi*Nret is an upper occupancy anchor for a collected coherent signal mode; high-NS maps are target-channel topology, not predicted pipeline points."
30,633,0.1,0.0772,0.9257046941523367,0.3,0.02316,"N_mode_max = chi*Nret is an upper occupancy anchor for a collected coherent signal mode; high-NS maps are target-channel topology, not predicted pipeline points."
30,633,0.1,0.0772,0.9257046941523367,0.1,0.007720000000000001,"N_mode_max = chi*Nret is an upper occupancy anchor for a collected coherent signal mode; high-NS maps are target-channel topology, not predicted pipeline points."
30,633,0.3,0.2316,0.7932633652001552,1.0,0.2316,"N_mode_max = chi*Nret is an upper occupancy anchor for a collected coherent signal mode; high-NS maps are target-channel topology, not predicted pipeline points."
30,633,0.3,0.2316,0.7932633652001552,0.3,0.06948,"N_mode_max = chi*Nret is an upper occupancy anchor for a collected coherent signal mode; high-NS maps are target-channel topology, not predicted pipeline points."
30,633,0.3,0.2316,0.7932633652001552,0.1,0.02316,"N_mode_max = chi*Nret is an upper occupancy anchor for a collected coherent signal mode; high-NS maps are target-channel topology, not predicted pipeline points."
30,633,1.0,0.772,0.4620879675837,1.0,0.772,"N_mode_max = chi*Nret is an upper occupancy anchor for a collected coherent signal mode; high-NS maps are target-channel topology, not predicted pipeline points."
30,633,1.0,0.772,0.4620879675837,0.3,0.2316,"N_mode_max = chi*Nret is an upper occupancy anchor for a collected coherent signal mode; high-NS maps are target-channel topology, not predicted pipeline points."
30,633,1.0,0.772,0.4620879675837,0.1,0.0772,"N_mode_max = chi*Nret is an upper occupancy anchor for a collected coherent signal mode; high-NS maps are target-channel topology, not predicted pipeline points."
30,633,3.0,2.316,0.0986674671847645,1.0,2.316,"N_mode_max = chi*Nret is an upper occupancy anchor for a collected coherent signal mode; high-NS maps are target-channel topology, not predicted pipeline points."
30,633,3.0,2.316,0.0986674671847645,0.3,0.6948,"N_mode_max = chi*Nret is an upper occupancy anchor for a collected coherent signal mode; high-NS maps are target-channel topology, not predicted pipeline points."
30,633,3.0,2.316,0.0986674671847645,0.1,0.2316,"N_mode_max = chi*Nret is an upper occupancy anchor for a collected coherent signal mode; high-NS maps are target-channel topology, not predicted pipeline points."
30,633,10.0,7.720000000000001,0.00044386060390287364,1.0,7.720000000000001,"N_mode_max = chi*Nret is an upper occupancy anchor for a collected coherent signal mode; high-NS maps are target-channel topology, not predicted pipeline points."
30,633,10.0,7.720000000000001,0.00044386060390287364,0.3,2.3160000000000003,"N_mode_max = chi*Nret is an upper occupancy anchor for a collected coherent signal mode; high-NS maps are target-channel topology, not predicted pipeline points."
30,633,10.0,7.720000000000001,0.00044386060390287364,0.1,0.7720000000000001,"N_mode_max = chi*Nret is an upper occupancy anchor for a collected coherent signal mode; high-NS maps are target-channel topology, not predicted pipeline points."
30,1064,0.1,0.016300000000000002,0.9838321261405697,1.0,0.016300000000000002,"N_mode_max = chi*Nret is an upper occupancy anchor for a collected coherent signal mode; high-NS maps are target-channel topology, not predicted pipeline points."
30,1064,0.1,0.016300000000000002,0.9838321261405697,0.3,0.00489,"N_mode_max = chi*Nret is an upper occupancy anchor for a collected coherent signal mode; high-NS maps are target-channel topology, not predicted pipeline points."
30,1064,0.1,0.016300000000000002,0.9838321261405697,0.1,0.0016300000000000004,"N_mode_max = chi*Nret is an upper occupancy anchor for a collected coherent signal mode; high-NS maps are target-channel topology, not predicted pipeline points."
30,1064,0.3,0.0489,0.9522763525725391,1.0,0.0489,"N_mode_max = chi*Nret is an upper occupancy anchor for a collected coherent signal mode; high-NS maps are target-channel topology, not predicted pipeline points."
30,1064,0.3,0.0489,0.9522763525725391,0.3,0.014669999999999999,"N_mode_max = chi*Nret is an upper occupancy anchor for a collected coherent signal mode; high-NS maps are target-channel topology, not predicted pipeline points."
30,1064,0.3,0.0489,0.9522763525725391,0.1,0.00489,"N_mode_max = chi*Nret is an upper occupancy anchor for a collected coherent signal mode; high-NS maps are target-channel topology, not predicted pipeline points."
30,1064,1.0,0.163,0.8495911884145902,1.0,0.163,"N_mode_max = chi*Nret is an upper occupancy anchor for a collected coherent signal mode; high-NS maps are target-channel topology, not predicted pipeline points."
30,1064,1.0,0.163,0.8495911884145902,0.3,0.0489,"N_mode_max = chi*Nret is an upper occupancy anchor for a collected coherent signal mode; high-NS maps are target-channel topology, not predicted pipeline points."
30,1064,1.0,0.163,0.8495911884145902,0.1,0.016300000000000002,"N_mode_max = chi*Nret is an upper occupancy anchor for a collected coherent signal mode; high-NS maps are target-channel topology, not predicted pipeline points."
30,1064,3.0,0.489,0.6132393269939275,1.0,0.489,"N_mode_max = chi*Nret is an upper occupancy anchor for a collected coherent signal mode; high-NS maps are target-channel topology, not predicted pipeline points."
30,1064,3.0,0.489,0.6132393269939275,0.3,0.1467,"N_mode_max = chi*Nret is an upper occupancy anchor for a collected coherent signal mode; high-NS maps are target-channel topology, not predicted pipeline points."
30,1064,3.0,0.489,0.6132393269939275,0.1,0.0489,"N_mode_max = chi*Nret is an upper occupancy anchor for a collected coherent signal mode; high-NS maps are target-channel topology, not predicted pipeline points."
30,1064,10.0,1.6300000000000001,0.19592957412690934,1.0,1.6300000000000001,"N_mode_max = chi*Nret is an upper occupancy anchor for a collected coherent signal mode; high-NS maps are target-channel topology, not predicted pipeline points."
30,1064,10.0,1.6300000000000001,0.19592957412690934,0.3,0.489,"N_mode_max = chi*Nret is an upper occupancy anchor for a collected coherent signal mode; high-NS maps are target-channel topology, not predicted pipeline points."
30,1064,10.0,1.6300000000000001,0.19592957412690934,0.1,0.16300000000000003,"N_mode_max = chi*Nret is an upper occupancy anchor for a collected coherent signal mode; high-NS maps are target-channel topology, not predicted pipeline points."
30,1550,0.1,0.005260000000000001,0.9947538095765994,1.0,0.005260000000000001,"N_mode_max = chi*Nret is an upper occupancy anchor for a collected coherent signal mode; high-NS maps are target-channel topology, not predicted pipeline points."
30,1550,0.1,0.005260000000000001,0.9947538095765994,0.3,0.0015780000000000002,"N_mode_max = chi*Nret is an upper occupancy anchor for a collected coherent signal mode; high-NS maps are target-channel topology, not predicted pipeline points."
30,1550,0.1,0.005260000000000001,0.9947538095765994,0.1,0.0005260000000000001,"N_mode_max = chi*Nret is an upper occupancy anchor for a collected coherent signal mode; high-NS maps are target-channel topology, not predicted pipeline points."
30,1550,0.3,0.01578,0.9843438518833251,1.0,0.01578,"N_mode_max = chi*Nret is an upper occupancy anchor for a collected coherent signal mode; high-NS maps are target-channel topology, not predicted pipeline points."
30,1550,0.3,0.01578,0.9843438518833251,0.3,0.0047339999999999995,"N_mode_max = chi*Nret is an upper occupancy anchor for a collected coherent signal mode; high-NS maps are target-channel topology, not predicted pipeline points."
30,1550,0.3,0.01578,0.9843438518833251,0.1,0.001578,"N_mode_max = chi*Nret is an upper occupancy anchor for a collected coherent signal mode; high-NS maps are target-channel topology, not predicted pipeline points."
30,1550,1.0,0.0526,0.9487594403678091,1.0,0.0526,"N_mode_max = chi*Nret is an upper occupancy anchor for a collected coherent signal mode; high-NS maps are target-channel topology, not predicted pipeline points."
30,1550,1.0,0.0526,0.9487594403678091,0.3,0.01578,"N_mode_max = chi*Nret is an upper occupancy anchor for a collected coherent signal mode; high-NS maps are target-channel topology, not predicted pipeline points."
30,1550,1.0,0.0526,0.9487594403678091,0.1,0.005260000000000001,"N_mode_max = chi*Nret is an upper occupancy anchor for a collected coherent signal mode; high-NS maps are target-channel topology, not predicted pipeline points."
30,1550,3.0,0.1578,0.8540205690030096,1.0,0.1578,"N_mode_max = chi*Nret is an upper occupancy anchor for a collected coherent signal mode; high-NS maps are target-channel topology, not predicted pipeline points."
30,1550,3.0,0.1578,0.8540205690030096,0.3,0.04734,"N_mode_max = chi*Nret is an upper occupancy anchor for a collected coherent signal mode; high-NS maps are target-channel topology, not predicted pipeline points."
30,1550,3.0,0.1578,0.8540205690030096,0.1,0.01578,"N_mode_max = chi*Nret is an upper occupancy anchor for a collected coherent signal mode; high-NS maps are target-channel topology, not predicted pipeline points."
30,1550,10.0,0.526,0.5909641046815626,1.0,0.526,"N_mode_max = chi*Nret is an upper occupancy anchor for a collected coherent signal mode; high-NS maps are target-channel topology, not predicted pipeline points."
30,1550,10.0,0.526,0.5909641046815626,0.3,0.1578,"N_mode_max = chi*Nret is an upper occupancy anchor for a collected coherent signal mode; high-NS maps are target-channel topology, not predicted pipeline points."
30,1550,10.0,0.526,0.5909641046815626,0.1,0.05260000000000001,"N_mode_max = chi*Nret is an upper occupancy anchor for a collected coherent signal mode; high-NS maps are target-channel topology, not predicted pipeline points."
35,532,0.1,0.1516666666666667,0.8592746578949112,1.0,0.1516666666666667,"N_mode_max = chi*Nret is an upper occupancy anchor for a collected coherent signal mode; high-NS maps are target-channel topology, not predicted pipeline points."
35,532,0.1,0.1516666666666667,0.8592746578949112,0.3,0.045500000000000006,"N_mode_max = chi*Nret is an upper occupancy anchor for a collected coherent signal mode; high-NS maps are target-channel topology, not predicted pipeline points."
35,532,0.1,0.1516666666666667,0.8592746578949112,0.1,0.01516666666666667,"N_mode_max = chi*Nret is an upper occupancy anchor for a collected coherent signal mode; high-NS maps are target-channel topology, not predicted pipeline points."
35,532,0.3,0.455,0.6344479679482282,1.0,0.455,"N_mode_max = chi*Nret is an upper occupancy anchor for a collected coherent signal mode; high-NS maps are target-channel topology, not predicted pipeline points."
35,532,0.3,0.455,0.6344479679482282,0.3,0.1365,"N_mode_max = chi*Nret is an upper occupancy anchor for a collected coherent signal mode; high-NS maps are target-channel topology, not predicted pipeline points."
35,532,0.3,0.455,0.6344479679482282,0.1,0.045500000000000006,"N_mode_max = chi*Nret is an upper occupancy anchor for a collected coherent signal mode; high-NS maps are target-channel topology, not predicted pipeline points."
35,532,1.0,1.5166666666666668,0.2194421429926266,1.0,1.5166666666666668,"N_mode_max = chi*Nret is an upper occupancy anchor for a collected coherent signal mode; high-NS maps are target-channel topology, not predicted pipeline points."
35,532,1.0,1.5166666666666668,0.2194421429926266,0.3,0.455,"N_mode_max = chi*Nret is an upper occupancy anchor for a collected coherent signal mode; high-NS maps are target-channel topology, not predicted pipeline points."
35,532,1.0,1.5166666666666668,0.2194421429926266,0.1,0.1516666666666667,"N_mode_max = chi*Nret is an upper occupancy anchor for a collected coherent signal mode; high-NS maps are target-channel topology, not predicted pipeline points."
35,532,3.0,4.550000000000001,0.010567204383852646,1.0,4.550000000000001,"N_mode_max = chi*Nret is an upper occupancy anchor for a collected coherent signal mode; high-NS maps are target-channel topology, not predicted pipeline points."
35,532,3.0,4.550000000000001,0.010567204383852646,0.3,1.3650000000000002,"N_mode_max = chi*Nret is an upper occupancy anchor for a collected coherent signal mode; high-NS maps are target-channel topology, not predicted pipeline points."
35,532,3.0,4.550000000000001,0.010567204383852646,0.1,0.45500000000000007,"N_mode_max = chi*Nret is an upper occupancy anchor for a collected coherent signal mode; high-NS maps are target-channel topology, not predicted pipeline points."
35,532,10.0,15.166666666666668,2.589407239064266e-07,1.0,15.166666666666668,"N_mode_max = chi*Nret is an upper occupancy anchor for a collected coherent signal mode; high-NS maps are target-channel topology, not predicted pipeline points."
35,532,10.0,15.166666666666668,2.589407239064266e-07,0.3,4.55,"N_mode_max = chi*Nret is an upper occupancy anchor for a collected coherent signal mode; high-NS maps are target-channel topology, not predicted pipeline points."
35,532,10.0,15.166666666666668,2.589407239064266e-07,0.1,1.5166666666666668,"N_mode_max = chi*Nret is an upper occupancy anchor for a collected coherent signal mode; high-NS maps are target-channel topology, not predicted pipeline points."
35,633,0.1,0.09006666666666668,0.9138702585564564,1.0,0.09006666666666668,"N_mode_max = chi*Nret is an upper occupancy anchor for a collected coherent signal mode; high-NS maps are target-channel topology, not predicted pipeline points."
35,633,0.1,0.09006666666666668,0.9138702585564564,0.3,0.027020000000000006,"N_mode_max = chi*Nret is an upper occupancy anchor for a collected coherent signal mode; high-NS maps are target-channel topology, not predicted pipeline points."
35,633,0.1,0.09006666666666668,0.9138702585564564,0.1,0.009006666666666668,"N_mode_max = chi*Nret is an upper occupancy anchor for a collected coherent signal mode; high-NS maps are target-channel topology, not predicted pipeline points."
35,633,0.3,0.2702,0.7632268337045579,1.0,0.2702,"N_mode_max = chi*Nret is an upper occupancy anchor for a collected coherent signal mode; high-NS maps are target-channel topology, not predicted pipeline points."
35,633,0.3,0.2702,0.7632268337045579,0.3,0.08106,"N_mode_max = chi*Nret is an upper occupancy anchor for a collected coherent signal mode; high-NS maps are target-channel topology, not predicted pipeline points."
35,633,0.3,0.2702,0.7632268337045579,0.1,0.027020000000000002,"N_mode_max = chi*Nret is an upper occupancy anchor for a collected coherent signal mode; high-NS maps are target-channel topology, not predicted pipeline points."
35,633,1.0,0.9006666666666667,0.40629870362951115,1.0,0.9006666666666667,"N_mode_max = chi*Nret is an upper occupancy anchor for a collected coherent signal mode; high-NS maps are target-channel topology, not predicted pipeline points."
35,633,1.0,0.9006666666666667,0.40629870362951115,0.3,0.2702,"N_mode_max = chi*Nret is an upper occupancy anchor for a collected coherent signal mode; high-NS maps are target-channel topology, not predicted pipeline points."
35,633,1.0,0.9006666666666667,0.40629870362951115,0.1,0.09006666666666668,"N_mode_max = chi*Nret is an upper occupancy anchor for a collected coherent signal mode; high-NS maps are target-channel topology, not predicted pipeline points."
35,633,3.0,2.702,0.06707123603573319,1.0,2.702,"N_mode_max = chi*Nret is an upper occupancy anchor for a collected coherent signal mode; high-NS maps are target-channel topology, not predicted pipeline points."
35,633,3.0,2.702,0.06707123603573319,0.3,0.8106,"N_mode_max = chi*Nret is an upper occupancy anchor for a collected coherent signal mode; high-NS maps are target-channel topology, not predicted pipeline points."
35,633,3.0,2.702,0.06707123603573319,0.1,0.2702,"N_mode_max = chi*Nret is an upper occupancy anchor for a collected coherent signal mode; high-NS maps are target-channel topology, not predicted pipeline points."
35,633,10.0,9.006666666666668,0.00012258980841535805,1.0,9.006666666666668,"N_mode_max = chi*Nret is an upper occupancy anchor for a collected coherent signal mode; high-NS maps are target-channel topology, not predicted pipeline points."
35,633,10.0,9.006666666666668,0.00012258980841535805,0.3,2.7020000000000004,"N_mode_max = chi*Nret is an upper occupancy anchor for a collected coherent signal mode; high-NS maps are target-channel topology, not predicted pipeline points."
35,633,10.0,9.006666666666668,0.00012258980841535805,0.1,0.9006666666666668,"N_mode_max = chi*Nret is an upper occupancy anchor for a collected coherent signal mode; high-NS maps are target-channel topology, not predicted pipeline points."
35,1064,0.1,0.019016666666666668,0.9811630093897095,1.0,0.019016666666666668,"N_mode_max = chi*Nret is an upper occupancy anchor for a collected coherent signal mode; high-NS maps are target-channel topology, not predicted pipeline points."
35,1064,0.1,0.019016666666666668,0.9811630093897095,0.3,0.005705,"N_mode_max = chi*Nret is an upper occupancy anchor for a collected coherent signal mode; high-NS maps are target-channel topology, not predicted pipeline points."
35,1064,0.1,0.019016666666666668,0.9811630093897095,0.1,0.001901666666666667,"N_mode_max = chi*Nret is an upper occupancy anchor for a collected coherent signal mode; high-NS maps are target-channel topology, not predicted pipeline points."
35,1064,0.3,0.057050000000000003,0.9445468408437779,1.0,0.057050000000000003,"N_mode_max = chi*Nret is an upper occupancy anchor for a collected coherent signal mode; high-NS maps are target-channel topology, not predicted pipeline points."
35,1064,0.3,0.057050000000000003,0.9445468408437779,0.3,0.017115000000000002,"N_mode_max = chi*Nret is an upper occupancy anchor for a collected coherent signal mode; high-NS maps are target-channel topology, not predicted pipeline points."
35,1064,0.3,0.057050000000000003,0.9445468408437779,0.1,0.005705000000000001,"N_mode_max = chi*Nret is an upper occupancy anchor for a collected coherent signal mode; high-NS maps are target-channel topology, not predicted pipeline points."
35,1064,1.0,0.19016666666666668,0.8268213189059439,1.0,0.19016666666666668,"N_mode_max = chi*Nret is an upper occupancy anchor for a collected coherent signal mode; high-NS maps are target-channel topology, not predicted pipeline points."
35,1064,1.0,0.19016666666666668,0.8268213189059439,0.3,0.057050000000000003,"N_mode_max = chi*Nret is an upper occupancy anchor for a collected coherent signal mode; high-NS maps are target-channel topology, not predicted pipeline points."
35,1064,1.0,0.19016666666666668,0.8268213189059439,0.1,0.019016666666666668,"N_mode_max = chi*Nret is an upper occupancy anchor for a collected coherent signal mode; high-NS maps are target-channel topology, not predicted pipeline points."
35,1064,3.0,0.5705,0.5652427466590868,1.0,0.5705,"N_mode_max = chi*Nret is an upper occupancy anchor for a collected coherent signal mode; high-NS maps are target-channel topology, not predicted pipeline points."
35,1064,3.0,0.5705,0.5652427466590868,0.3,0.17115,"N_mode_max = chi*Nret is an upper occupancy anchor for a collected coherent signal mode; high-NS maps are target-channel topology, not predicted pipeline points."
35,1064,3.0,0.5705,0.5652427466590868,0.1,0.057050000000000003,"N_mode_max = chi*Nret is an upper occupancy anchor for a collected coherent signal mode; high-NS maps are target-channel topology, not predicted pipeline points."
35,1064,10.0,1.9016666666666668,0.14931954580943085,1.0,1.9016666666666668,"N_mode_max = chi*Nret is an upper occupancy anchor for a collected coherent signal mode; high-NS maps are target-channel topology, not predicted pipeline points."
35,1064,10.0,1.9016666666666668,0.14931954580943085,0.3,0.5705,"N_mode_max = chi*Nret is an upper occupancy anchor for a collected coherent signal mode; high-NS maps are target-channel topology, not predicted pipeline points."
35,1064,10.0,1.9016666666666668,0.14931954580943085,0.1,0.1901666666666667,"N_mode_max = chi*Nret is an upper occupancy anchor for a collected coherent signal mode; high-NS maps are target-channel topology, not predicted pipeline points."
35,1550,0.1,0.006136666666666668,0.9938821242147816,1.0,0.006136666666666668,"N_mode_max = chi*Nret is an upper occupancy anchor for a collected coherent signal mode; high-NS maps are target-channel topology, not predicted pipeline points."
35,1550,0.1,0.006136666666666668,0.9938821242147816,0.3,0.0018410000000000002,"N_mode_max = chi*Nret is an upper occupancy anchor for a collected coherent signal mode; high-NS maps are target-channel topology, not predicted pipeline points."
35,1550,0.1,0.006136666666666668,0.9938821242147816,0.1,0.0006136666666666669,"N_mode_max = chi*Nret is an upper occupancy anchor for a collected coherent signal mode; high-NS maps are target-channel topology, not predicted pipeline points."
35,1550,0.3,0.018410000000000003,0.9817584288743878,1.0,0.018410000000000003,"N_mode_max = chi*Nret is an upper occupancy anchor for a collected coherent signal mode; high-NS maps are target-channel topology, not predicted pipeline points."
35,1550,0.3,0.018410000000000003,0.9817584288743878,0.3,0.005523000000000001,"N_mode_max = chi*Nret is an upper occupancy anchor for a collected coherent signal mode; high-NS maps are target-channel topology, not predicted pipeline points."
35,1550,0.3,0.018410000000000003,0.9817584288743878,0.1,0.0018410000000000004,"N_mode_max = chi*Nret is an upper occupancy anchor for a collected coherent signal mode; high-NS maps are target-channel topology, not predicted pipeline points."
35,1550,1.0,0.061366666666666674,0.9404783344912583,1.0,0.061366666666666674,"N_mode_max = chi*Nret is an upper occupancy anchor for a collected coherent signal mode; high-NS maps are target-channel topology, not predicted pipeline points."
35,1550,1.0,0.061366666666666674,0.9404783344912583,0.3,0.018410000000000003,"N_mode_max = chi*Nret is an upper occupancy anchor for a collected coherent signal mode; high-NS maps are target-channel topology, not predicted pipeline points."
35,1550,1.0,0.061366666666666674,0.9404783344912583,0.1,0.006136666666666668,"N_mode_max = chi*Nret is an upper occupancy anchor for a collected coherent signal mode; high-NS maps are target-channel topology, not predicted pipeline points."
35,1550,3.0,0.1841,0.8318526144058294,1.0,0.1841,"N_mode_max = chi*Nret is an upper occupancy anchor for a collected coherent signal mode; high-NS maps are target-channel topology, not predicted pipeline points."
35,1550,3.0,0.1841,0.8318526144058294,0.3,0.05523,"N_mode_max = chi*Nret is an upper occupancy anchor for a collected coherent signal mode; high-NS maps are target-channel topology, not predicted pipeline points."
35,1550,3.0,0.1841,0.8318526144058294,0.1,0.018410000000000003,"N_mode_max = chi*Nret is an upper occupancy anchor for a collected coherent signal mode; high-NS maps are target-channel topology, not predicted pipeline points."
35,1550,10.0,0.6136666666666667,0.5413622306197381,1.0,0.6136666666666667,"N_mode_max = chi*Nret is an upper occupancy anchor for a collected coherent signal mode; high-NS maps are target-channel topology, not predicted pipeline points."
35,1550,10.0,0.6136666666666667,0.5413622306197381,0.3,0.1841,"N_mode_max = chi*Nret is an upper occupancy anchor for a collected coherent signal mode; high-NS maps are target-channel topology, not predicted pipeline points."
35,1550,10.0,0.6136666666666667,0.5413622306197381,0.1,0.061366666666666674,"N_mode_max = chi*Nret is an upper occupancy anchor for a collected coherent signal mode; high-NS maps are target-channel topology, not predicted pipeline points."
